trial,testing,parameters,initial_deadline,final_deadline,net_reward,actions,success
1,False,"{'a': 0.5, 'e': 0.95}",20,0,-89.09400819729568,"{0: 13, 1: 0, 2: 6, 3: 0, 4: 1}",0
2,False,"{'a': 0.5, 'e': 0.8999999999999999}",20,15,-0.5870286523325969,"{0: 4, 1: 1, 2: 0, 3: 0, 4: 0}",1
3,False,"{'a': 0.5, 'e': 0.8499999999999999}",20,0,-39.59838256792755,"{0: 13, 1: 3, 2: 4, 3: 0, 4: 0}",0
4,False,"{'a': 0.5, 'e': 0.7999999999999998}",25,0,-132.29674289971126,"{0: 14, 1: 1, 2: 8, 3: 1, 4: 1}",0
5,False,"{'a': 0.5, 'e': 0.7499999999999998}",25,0,-95.8612868332853,"{0: 16, 1: 1, 2: 7, 3: 0, 4: 1}",0
6,False,"{'a': 0.5, 'e': 0.6999999999999997}",20,0,-164.05614484205364,"{0: 11, 1: 2, 2: 3, 3: 1, 4: 3}",0
7,False,"{'a': 0.5, 'e': 0.6499999999999997}",25,0,-127.18533269006504,"{0: 13, 1: 3, 2: 8, 3: 0, 4: 1}",0
